1215,Delicious in dungeon 1,Ryoku Kui,2025-06-28
1214,The woman who rides like a man,Tamora Pierce,2025-06-27
1213,These shadows become her,Demi Clorissa,2025-06-19
1212,The rogue princess,Melanie Cellier,2025-06-09
1211,A rake of his own,A. J. Lancaster,2025-06-08
1210,A soul to keep,Opal Reyne,2025-06-02
1209,Snowed in with the orc,Jessica Gleave,2025-06-02
1208,Onyx storm,Rebecca Yarros,2025-05-11
1207,Haroun and the sea of stories,Salman Rushdie,2025-05-08
1206,When the moon hatched,Sarah A. Parker,2025-04-03
1205,In the hands of the goddess,Tamora Pierce,2025-03-27
1204,Fate & furies(Legends of Thezmarr 3),Helen Scheuerer,2025-03-25
1203,Vows & ruins (Legends of Thezmarr 2),Helen Scheuerer,2025-03-24
1202,Blood & steel (Legends of Thezmarr 1),Helen Scheuerer,2025-03-24
1201,Iron flame,Rebecca Yarros,2025-03-17
1200,Fourth wing,Rebecca Yarros,2025-03-16
1199,The lady's guide to petticoats and piracy,Mackenzi Lee,2025-02-16
1198,Wings of fire: legends: Darkstalker,Tui T. Sutherland,2025-01-25
1197,Half a soul,"Olivia Atwater,audiobook read by Madeleine Leslay",2025-01-05
1196,Wings of fire: the flames of hope (Wings of fire 15),Tui T. Sutherland,2025-01-03
1195,Wings of fire: the dangerous gift (Wings of fire 14),Tui T. Sutherland,2024-12-31
1194,Jane Austen embroidery,"Jennie Batchelor,Alison Larkin",2024-12-25
1193,Wings of fire: the poison jungle (Wings of fire 13),Tui T. Sutherland,2024-12-25
1192,Wings of fire: the hive queen (Wings of fire 12),Tui T. Sutherland,2024-12-22
1191,Wings of fire: the lost continent (Wings of fire 11),Tui T. Sutherland,2024-12-16
1190,Wings of fire: darkness of dragons (Wings of fire 10),Tui T. Sutherland,2024-12-11
1189,Wings of fire: talons of power (Wings of fire 9),Tui T. Sutherland,2024-12-09
1188,Wings of fire: escaping Peril (Wings of fire 8),Tui T. Sutherland,2024-12-08
1187,Dreams of Gods and Monsters,Laini Taylor,2024-12-06
1186,Days of Blood and Starlight,Laini Taylor,2024-12-05
1185,Daughter of Smoke and Bone,Laini Taylor,2024-12-05
1184,Wings of fire: Winter turning (Wings of Fire 7),Tui T. Sutherland,2024-12-04
1183,Uprooted,Naomi Novik,2024-12-04
1182,Wings of fire: Moon rising (Wings of Fire 6),Tui T. Sutherland,2024-11-30
1181,Wings of fire: the brightest night (Wings of Fire 5),Tui T. Sutherland,2024-11-29
1180,Wings of fire: the dark secret (Wings of Fire 4),Tui T. Sutherland,2024-11-18
1179,The benevolent society of ill-mannered ladies,Alison Goodman,2024-11-16
1178,Wings of fire: the hidden kingdom (Wings of Fire 3),Tui T. Sutherland,2024-11-16
1177,Wings of fire: the lost heir (Wings of Fire 2),Tui T. Sutherland,2024-11-14
1176,Martin's mice,Dick King Smith,2024-11-14
1175,Wings of Fire: The Dragonet Prophecy (Wings of Fire 1),Tui T. Sutherland,2024-11-07
1174,The mouse butcher,Dick King Smith,2024-10-25
1173,The water horse,Dick King Smith,2024-10-14
1172,The story of the Amulet,E. Nesbit,2024-08-04
1171,The phoenix and the carpet,E. Nesbit,2024-06-08
1170,A desolation called peace,Arkady Martine,2024-04-25
1169,A memory called empire,Arkady Martine,2024-04-24
1168,The five children and IT,E. Nesbit,2024-04-18
1167,Two twisted crowns,Rachel Gillig,2024-04-05
1166,One dark window,Rachel Gillig,2024-04-05
1165,Nona the Ninth,Tamsin Muir,2024-04-02
1164,Harrow the Ninth,Tamsin Muir,2024-04-01
1163,Gideon the Ninth,Tamsin Muir,2024-03-31
1162,The grief of stones,Katherine Addison,2024-03-02
1161,The house in the cerulean sea,TJ Klune,2024-02-27
1160,Silver on the tree,Susan Cooper,2024-02-25
1159,Deal with the Devil,Kit Rocha,2024-02-13
1158,The Bone Shard War,Andrea Stewart,2024-02-12
1157,The Bone Shard Emperor,Andrea Stewart,2024-02-12
1156,Bookshops & Bonedust,Travis Baldree,2024-02-04
1155,System Collapse (Murderbot 7),Martha Wells,2024-02-04
1154,Network effect (Murderbot 5),Martha Wells,2024-02-03
1153,Bone,Jeff Smith,2024-01-26
1152,Transit of angels,Desney King,2024-01-22
1151,The magicians of Caprona,Diana Wynne Jones,2024-01-20
1150,Talk sweetly to me,Courtney Milan,2024-01-05
1149,The countess conspiracy,Courtney Milan,2024-01-05
1148,The heiress effect,Courtney Milan,2024-01-05
1147,A kiss for midwinter,Courtney Milan,2024-01-04
1146,The Duchess War,Courtney Milan,2024-01-04
1145,The Governess Affair,Courtney Milan,2024-01-04
1144,The Bone Shard Daughter,Andrea Stewart,2024-01-03
1143,The Book of Life,Deborah Harkness,2023-12-26
1142,Shadow of Night,Deborah Harkness,2023-12-25
1141,Charmed Life,Diana Wynne Jones,2023-12-23
1140,Hollowpox,Jessica Townsend,2023-12-21
1139,The Storm of Echoes,Christelle Dabos,2023-12-19
1138,The Memory of Babel,Christelle Dabos,2023-12-19
1137,The Missing of Clairdelune,Christelle Dabos,2023-12-19
1136,A Discovery of Witches,Deborah Harkness,2023-12-06
1135,The Lives of Christopher Chant,Diana Wynne Jones,2023-12-01
1134,The Blood Gift,N.E. Davenport,2023-11-18
1133,Wundersmith,Jessica Townsend,2023-11-17
1132,Zachary Ying and the Dragon Emperor,Xiran Jay Zhao,2023-11-16
1131,"A Winter's promise",Christelle Dabos,2023-11-15
1130,Notes from the burning age,Claire North,2023-11-07
1129,Legendborn,Tracy Deonn,2023-11-04
1128,Threadneedle,Cari Thomas,2023-11-04
1127,Iron Widow,Xiran Jay Zhao,2023-11-04
1126,Witch Week,Diana Wynne Jones,2023-11-01
1125,Fugitive Telemetry (Murderbot 6),Martha Wells,2023-10-01
1124,Exit Strategy (Murderbot 4),Martha Wells,2023-09-30
1123,Rogue Protocol (Murderbot 3),Martha Wells,2023-09-30
1122,Artificial Condition (Murderbot 2),Martha Wells,2023-09-30
1121,All Systems Red (Murderbot 1),Martha Wells,2023-09-30
1120,Artemis Fowl,Eoin Colfer,2023-09-20
1119,Nevermoor,Jessica Townsend,2023-09-20
1118,The Grey King,Susan Cooper,2023-09-15
1117,A Master of Djinn,P. Djèji Clark,2023-09-02
1116,Dragon boy,Dick King Smith,2023-09-01
1115,The Once and future witches,Alix E. Harrow,2023-08-08
1114,The adventures of Amina al-Sirafi,Shannon Chakraborty,2023-07-22
1113,"Dukes Of Magic: A Limited Edition Paranormal Historical Romance Anthology","VA:",2023-07-21
1112,Greenwitch,Susan Cooper,2023-07-15
1111,Captain Vorpatril's Alliance,Lois McMaster Bujold,2023-07-01
1110,The Dark is Rising,Susan Cooper,2023-06-15
1109,Bea Wolf,Zach Weinersmith,2023-06-03
1108,"Over Sea, Under Stone",Susan Cooper,2023-05-15
1107,Station Eternity,Mur Lafferty,2023-04-24
1106,Monstrous regiment,Terry Pratchett,2023-04-19
1105,A study in honor,Claire O'Dell,2023-03-31
1104,Bloodmarked,Tracy Deonn,2022-11-26
1103,The Golden Enclaves,Naomi Novik,2022-10-27
1102,Worn: a people's history of clothing,Sofi Thanhauser,2022-10-24
1101,Hunt the stars,Jessie Mihalik,2022-10-14
1100,Goldenhand,Garth Nix,2022-10-12
1099,Clariel,Garth Nix,2022-10-11
1098,Abhorsen,Garth Nix,2022-10-04
1097,Lirael,Garth Nix,2022-10-03
1096,Sabriel,Garth Nix,2022-10-02
1095,Harrow the ninth,Tamsyn Muir,2022-09-23
1094,Gideon the ninth,Tamsyn Muir,2022-09-20
1093,Nona the ninth,Tamsyn Muir,2022-09-20
1092,The last battle,C.S. Lewis,2022-09-01
1091,Into the drowning deep,Mira Grant ,2022-06-24
1090,The blood trials,N.E. Davenport ,2022-06-16
1089,The silver chair,C.S. Lewis,2022-06-01
1088,The voyage of the Dawn Treader ,C.S. Lewis,2022-05-01
1087,Iron Widow,Xiran Jay Zhao,2022-04-24
1086,Tsumiko and the enslaved fox,Forthright,2022-04-05
1085,The Viscount who loved me,Julia Quinn,2022-04-02
1084,Prince Caspian ,C.S. Lewis,2022-04-01
1083,"The Lion, the Witch and the Wardrobe",C.S. Lewis,2022-03-03
1082,The lord of the rings ,J.R.R. Tolkien,2022-02-01
1081,Truth of the divine,Lindsay Ellis,2022-01-26
1080,The hero and the crown,Robin McKinley,2022-01-26
1079,The Last Graduate,Naomi Novik,2022-01-15
1078,Ruin and rising,Leigh Bardugo,2021-12-19
1077,Siege and storm,Leigh Bardugo,2021-12-19
1076,Shadow and bone,Leigh Bardugo,2021-12-19
1075,Aurora's end,"Amie Kaufman,Jay Kristoff",2021-12-18
1074,The councillor,E.J. Beaton,2021-09-30
1073,The witness for the dead,Katherine Addison,2021-09-21
1072,A deadly education,Naomi Novik,2021-09-17
1071,The ancient future,Traci Harding,2021-09-14
1070,Year of the griffin,Diana Wynne Jones,2021-09-02
1069,The Sheep-Pig,Dick King-Smith,2021-08-31
1068,The blue sword,Robin McKinley,2021-08-22
1067,The Hobbit,J.R.R. Tolkien,2021-08-15
1066,Network effect,Martha Wells,2021-05-04
1065,American hippo,Sarah Gailey,2021-01-12
1064,Cinderella is dead,Kalynn Bayron,2021-01-05
1063,Axiom's end,Lindsay Ellis,2020-12-25
1062,The Duke Who Didn't,Courtney Milan,2020-12-16
1061,Dragon mated,"Kara Lockharte,Cassie Alexander",2020-10-15
1060,Legendborn,Tracy Deonn,2020-09-29
1059,The angel of the crows,Katherine Addison,2020-09-17
1058,Empire of gold,S.A. Chakraborty,2020-09-15
1057,Aurora burning,"Amie Kaufman,Jay Kristoff",2020-09-05
1056,Artificial Condition (Murderbot 2),Martha Wells,2020-09-03
1055,All Systems Red (Murderbot 1),Martha Wells,2020-09-03
1054,Harrow the ninth,Tamsyn Muir,2020-09-01
1053,Gideon the ninth,Tamsyn Muir,2020-08-31
1052,Aurora Rising,"Amie Kaufman,Jay Kristoff",2020-08-23
1051,Talk sweetly to me,Courtney Milan,2020-08-16
1050,The countess conspiracy,Courtney Milan,2020-08-16
1049,The heiress effect,Courtney Milan,2020-08-13
1048,A kiss for midwinter,Courtney Milan,2020-08-10
1047,Dragon fated,"Kara Lockharte,Cassie Alexander",2020-06-03
1046,Minor mage,Ursula Vernon,2020-06-03
1045,Dragon destined,"Kara Lockharte,Cassie Alexander",2020-05-19
1044,Dragon called,"Kara Lockharte,Cassie Alexander",2020-05-19
1043,Paladin's Grace,Ursula Vernon,2020-03-19
1042,Snowspelled,Stephanie Burgis,2020-03-15
1041,The Devil in Winter,Lisa Kleypas,2020-03-14
1040,Uprooted,Naomi Novik,2020-03-13
1039,After the Wedding,Courtney Milan,2020-02-25
1038,Murder Most Unladylike,Robin Stevens,2020-02-05
1037,A Gentleman's Guide to Vice and Virtue,Mackenzi Lee,2020-01-10
1036,The Lady's Guide to Celestial Mechanics,Olivia Waite,2019-11-17
1035,Dragonclaw,Kate Forsyth,2019-06-09
1034,The Wonder Engine,Ursula Vernon,2019-06-06
1033,The Clockwork Boys,Ursula Vernon,2019-06-04
1032,Swordheart,Ursula Vernon,2019-06-04
1031,The Suffragette Scandal,Courtney Milan,2019-04-02
1030,The countess conspiracy,Courtney Milan,2019-03-31
1029,The Heiress Effect,Courtney Milan,2019-03-31
1028,The Duchess War,Courtney Milan,2019-03-30
1027,The Governess Affair,Courtney Milan,2019-03-30
1026,Knife Children,Lois McMaster Bujold,2019-03-29
1025,Scandal in Spring,Lisa Kleypas,2019-03-29
1024,The Devil in Winter,Lisa Kleypas,2019-03-29
1023,It happened one autumn,Lisa Kleypas,2019-03-29
1022,Secrets of a summer night,Lisa Kleypas,2019-03-28
1021,A right honourable gentleman,Courtney Milan,2019-03-28
1020,An unwilling bride,Jo Beverly,2019-03-28
1019,An arranged marriage,Jo Beverly,2019-03-28
1018,The kingdom of copper,S.A. Chakraborty,2019-02-10
1017,The bone season,Samantha Shannon,2019-01-14
1016,Spellwright,Blake Charlton,2019-01-13
1015,Doctor Who and the seeds of doom,Philip Hinchcliffe,2019-01-13
1014,The poisoned blade,Kate Elliott,2019-01-11
1013,Bone crossed,Patricia Briggs,2019-01-11
1012,Iron kissed,Patricia Briggs,2019-01-11
1011,Blood bound,Patricia Briggs,2019-01-10
1010,Kimiko and the accidental proposal,Forthright,2019-01-08
1009,The city of brass,S.A. Chakraborty,2019-01-03
1008,The Game Bird,Aiden R. Walsh,2018-12-25
1007,Talk sweetly to me,Courtney Milan,2018-12-12
1006,The suffragette scandal,Courtney Milan,2018-12-12
1005,The countess conspiracy,Courtney Milan,2018-12-10
1004,The heiress effect,Courtney Milan,2018-12-09
1003,A kiss for midwinter,Courtney Milan,2018-12-09
1002,The Duchess war,Courtney Milan,2018-12-09
1001,In the vanishers' palace,Aliette de Bodard,2018-12-09
1000,The governess affair,Courtney Milan,2018-12-08
999,The seventh bride,Ursula Vernon,2018-12-08
998,Swordheart,Ursula Vernon,2018-12-08
997,Tea and sympathetic magic,Tansy Rayner Roberts,2018-12-08
996,Tsumiko And The Enslaved Fox,Forthright,2018-10-17
995,The Duchess Deal,Tessa Dare,2018-10-09
994,Clockwork Boys,Ursula Vernon,2018-10-04
993,The Wonder Engine,Ursula Vernon,2018-10-04
992,So You Want To Be A Wizard?,Diane Duane,2018-10-03
991,Exit Strategy (Murderbot 4),Martha Wells,2018-10-03
990,Rogue Protocol (Murderbot 3),Martha Wells,2018-10-03
989,Artificial Condition (Murderbot 2),Martha Wells,2018-10-03
988,All Systems Red (Murderbot 1),Martha Wells,2018-10-02
987,The Flowers Of Vashnoi,Lois McMaster Bujold,2018-09-26
986,The Tea Master And The Detective,Aliette de Bodard,2018-09-26
985,Grass,Sheri S Tepper,2018-09-23
984,Moon Called,Patricia Briggs,2018-08-26
983,Court Of Fives,Kate Elliott,2018-07-18
982,By The Sword,Mercedes Lackey,2018-06-18
981,Reign Of Beasts,Tansy Rayner Roberts,2018-04-09
980,Caliban's War,James S. A. Corey,2018-04-08
979,The Shattered City,Tansy Rayner Roberts,2018-04-08
978,Power And Majesty,Tansy Rayner Roberts,2018-04-07
977,Goblin Emperor,Katherine Addison,2018-03-04
976,Babylon's Ashes,James S. A. Corey,2018-01-29
975,The Republic Of Thieves,Scott Lynch,2018-01-29
974,The Stone Sky,N. K. Jemesin,2018-01-26
973,Nemesis Games,James S. A. Corey,2017-11-17
972,Proven Guilty,Jim Butcher,2017-11-12
971,Dead Beat,Jim Butcher,2017-11-10
970,The Hanging Tree,Ben Aaronovitch,2017-11-09
969,Charity Girl,Georgette Heyer,2017-11-07
968,Cibola burn,James S. A. Corey,2017-10-28
967,Throne of Glass,Sarah J Maas,2017-08-19
966,Rosemary and rue,Seanan McGuire,2017-08-16
965,The Stinking Great Lie,Catherine Jinks,2017-08-16
964,A tyranny of queens,Foz Meadows,2017-07-20
963,Sylvester,Georgette Heyer,2017-07-12
962,Caliban's war,James S. A. Corey,2017-07-12
961,Venetia,Georgette Heyer,2017-07-08
960,April lady,Georgette Heyer,2017-07-07
959,Demon headmaster,Gillian Cross,2017-05-31
958,Charmed life,Diana Wynne Jones,2017-05-20
957,Children of Green Knowe,Lucy M. Boston,2017-05-19
956,Kingdom of the gods,N. K. Jemesin,2017-04-03
955,The broken kingdoms,N. K. Jemesin,2017-04-01
954,Hundred thousand kingdoms,N. K. Jemesin,2017-03-31
953,Leviathan wakes,James S. A. Corey,2017-01-27
952,An accident of stars,Foz Meadows,2017-01-26
951,Cocaine blues,Kerry Greenwood,2017-01-26
950,Unspeakable Things,Laurie Penny,2017-01-02
949,High Lord,Trudi Canavan,2016-01-01
948,Novice,Trudi Canavan,2016-01-01
947,Magician's guild,Trudi Canavan,2016-01-01
946,Sapphire rose,David Eddings,2016-01-01
945,Ruby crown,David Eddings,2016-01-01
944,Diamond throne,David Eddings,2016-01-01
943,Terms of enlistment,Marko Kloos,2015-04-16
942,Cotillion,Georgette Heyer,2015-04-01
941,Hyperbole and a half,Allie Brosh,2015-03-28
940,Fellowship of the ring,J.R.R. Tolkien,2015-02-15
939,Storm breaking,Mercedes Lackey,2015-01-26
938,Storm rising,Mercedes Lackey,2015-01-25
937,Storm warning,Mercedes Lackey,2015-01-24
936,Winds of fury,Mercedes Lackey,2015-01-22
935,Winds of change,Mercedes Lackey,2015-01-20
934,Winds of fate,Mercedes Lackey,2015-01-18
933,Arrow's fall,Mercedes Lackey,2015-01-16
932,Arrow's flight,Mercedes Lackey,2015-01-14
931,Arrows of the queen,Mercedes Lackey,2015-01-12
930,Seeress of Kell,David Eddings,2015-01-10
929,Sorceress of Darshiva,David Eddings,2015-01-09
928,Demon lord of Karanda,David Eddings,2015-01-08
927,King of the Murgos,David Eddings,2015-01-07
926,Guardians of the west,David Eddings,2015-01-06
925,Enchanter's end game,David Eddings,2015-01-05
924,Castle of wizardry,David Eddings,2015-01-04
923,Magician's gambit,David Eddings,2015-01-03
922,Queen of sorcery,David Eddings,2015-01-02
921,Pawn of prophecy,David Eddings,2015-01-01
920,Mastiff,Tamora Pierce,2014-12-31
919,Bloodhound,Tamora Pierce,2014-12-31
918,Terrier,Tamora Pierce,2014-12-30
917,Melting stones,Tamora Pierce,2014-12-30
916,Shatterglass,Tamora Pierce,2014-12-30
915,Cold fire,Tamora Pierce,2014-12-30
914,Street magic,Tamora Pierce,2014-12-30
913,Magic steps,Tamora Pierce,2014-12-30
912,Healing in the vine,Tamora Pierce,2014-12-30
911,Fire in the forging,Tamora Pierce,2014-12-29
910,Power in the storm,Tamora Pierce,2014-12-29
909,Magic in the weaving,Tamora Pierce,2014-12-29
908,Raising steam,Terry Pratchett,2014-12-29
907,Porcupine,Julian Barnes,2014-12-29
906,Wicked day,Mary Stewart,2014-12-28
905,Last enchantment,Mary Stewart,2014-12-27
904,Monstrous regiment,Terry Pratchett,2014-11-15
903,Invisible cities,Italo Calvino,2014-09-30
902,"I, Claudius",Robert Graves,2014-09-28
901,Ancillary justice,Ann Leckie,2014-09-27
900,Fangirl,Rainbow Rowell,2014-09-24
899,Miss Pym disposes,Josephine Tey,2014-09-23
898,Man in the queue,Josephine Tey,2014-09-22
897,Chinese shawl,Patricia Wentworth,2014-09-21
896,Girl in the cellar,Patricia Wentworth,2014-09-20
895,Hollow hills,Mary Stewart,2014-09-19
894,Crystal cave,Mary Stewart,2014-09-18
893,Among others,Jo Walton,2014-09-16
892,Cold steel,Kate Elliott,2014-07-15
891,More than honor,David Weber,2014-06-15
890,Rising thunder,David Weber,2014-06-08
889,Mission of honor,David Weber,2014-06-06
888,At all costs,David Weber,2014-06-04
887,War of honor,David Weber,2014-06-02
886,Ashes of victory,David Weber,2014-05-31
885,Echoes of honor,David Weber,2014-05-29
884,In enemy hands,David Weber,2014-05-27
883,Honor among enemies,David Weber,2014-05-25
882,Flag in exile,David Weber,2014-05-23
881,Field of dishonor,David Weber,2014-05-21
880,Short victorious war,David Weber,2014-05-19
879,Honor of the queen,David Weber,2014-05-17
878,On Basilisk Station,David Weber,2014-05-15
877,"Keep chickens! Tending small flocks in cities, suburbs and other small spaces",Barbara Kilarski,2014-04-23
876,Broken homes,Ben Aaronovitch,2014-04-19
875,Lady knight,Tamora Pierce,2014-04-17
874,Page,Tamora Pierce,2014-04-15
873,First test,Tamora Pierce,2014-04-13
872,Squire,Tamora Pierce,2014-04-11
871,Long earth,"Terry Pratchett,Stephen Baxter",2014-04-09
870,Player of games,Iain M Banks,2014-04-07
869,Lies of Locke Lamora,Scott Lynch,2014-04-05
868,Deadline,Mira Grant,2014-04-03
867,Busman's honeymoon,Dorothy L Sayers,2014-04-01
866,Howl's moving castle,Diana Wynne Jones,2014-03-15
865,Snow crash,Neal Stephenson,2014-02-28
864,Shipping news,E Annie Proulx,2014-02-09
863,Warrior's apprentice,Lois McMaster Bujold,2014-02-02
862,Star to steer her by,Shades of Mauve,2014-02-01
861,The broken kingdoms,N. K. Jemesin,2014-01-12
860,"Road, The",Cormac McCarthy,2014-01-07
859,Never let me go,Kazuo Ishiguro,2014-01-05
858,Cold steel,Kate Elliott,2014-01-04
857,Adventures of the muddle-headed wombat,Ruth Park,2014-01-02
856,Anathem,Neal Stephenson,2014-01-01
855,Battle magic,Tamora Pierce,2013-12-15
854,Hundred thousand kingdoms,N. K. Jemesin,2013-12-01
853,Justice hall,Laurie R. King,2013-11-01
852,Komarr,Lois McMaster Bujold,2013-10-12
851,"Thrones, dominations","Dorothy L Sayers,Jill Paton Walsh",2013-10-10
850,Space demons,Gillian Rubenstein,2013-10-01
849,Throne of the crescent moon,Saladin Ahmed,2013-10-01
848,People of the book,Geraldine Brooks,2013-09-01
847,Beatrice and Virgil,Yann Martel,2013-08-01
846,Bitter greens,Kate Forsyth,2013-07-01
845,Bell jar,Sylvia Plath,2013-06-09
844,Cloud atlas,David Mitchell,2013-05-08
843,Men at arms,Terry Pratchett,2013-05-05
842,Guards! Guards!,Terry Pratchett,2013-05-03
841,Traitors' gate,Kate Elliott,2013-04-29
840,Shadow gate,Kate Elliott,2013-04-27
839,Spirit gate,Kate Elliott,2013-04-25
838,Flaubert's parrot,Julian Barnes,2013-04-24
837,Good wives,Margaret Forster,2013-04-15
836,Hobbit,J.R.R. Tolkien,2013-04-12
835,Timeless,Gail Carriger,2013-04-09
834,Heartless,Gail Carriger,2013-04-07
833,Blameless,Gail Carriger,2013-04-04
832,Magician's nephew,C.S. Lewis,2013-04-01
831,Barrayar,Lois McMaster Bujold,2013-03-16
830,1984,George Orwell,2013-03-13
829,Code of the Woosters,P.G. Wodehouse,2013-02-27
828,Wolfsangel,M.D. Lachlan,2013-02-27
827,Beekeeper's apprentice,Laurie R. King,2013-02-23
826,Sense of an ending,Julian Barnes,2013-02-23
825,Sweetness in the bottom of the pie,Alan Bradley,2013-02-19
824,Moor,Laurie R. King,2013-02-19
823,Trustee from the toolroom,Nevil Shute,2013-01-13
822,Old man's war,John Scalzi,2013-01-06
821,Radical tory: Garfield Barwick's reflections and recollections,Garfield Barwick,2013-01-01
820,Restoration,Rose Tremain,2012-12-29
819,Night birds on Nantucket,Joan Aiken,2012-12-24
818,Fifty shades of grey,E.L. James,2012-12-16
817,Eyre affair,Jasper fforde,2012-12-16
816,Fourth bear,Jasper fforde,2012-12-16
815,Whispers underground,Ben Aaronovitch,2012-12-09
814,Moon over Soho,Ben Aaronovitch,2012-12-09
813,Rivers of London,Ben Aaronovitch,2012-12-09
812,Redshirts,John Scalzi,2012-12-02
811,Doctor who and the mutants,Terrence Dicks,2012-12-01
810,Cotillion,Georgette Heyer,2012-12-01
809,"Game, The",A.S. Byatt,2012-12-01
808,Mocking jay,Suzanne Collins,2012-11-25
807,Catching fire,Suzanne Collins,2012-11-25
806,Magnus powermouse,Dick King-Smith,2012-11-24
805,Magicians of Caprona,Diana Wynne Jones,2012-11-24
804,Witch bank,Catherine Jinks,2012-11-24
803,Carrion comfort,Dan Simmons,2012-11-20
802,Neverending story,Michael Ende,2012-11-17
801,Fall of hyperion,Dan Simmons,2012-11-17
800,Charmed life,Diana Wynne Jones,2012-11-02
799,Cold fire,Kate Elliott,2012-11-02
798,Secret of chimneys,Agatha Christie,2012-10-28
797,Reader,Bernhard Schlink,2012-10-28
796,Little black book of stories,A.S. Byatt,2012-10-28
795,Truth,Terry Pratchett,2012-10-21
794,Hyperion,Dan Simmons,2012-10-21
793,Making money,Terry Pratchett,2012-10-21
792,Ragnarok: the end of the gods,A.S. Byatt,2012-10-20
791,Heart of stars,Kate Forsyth,2012-10-20
790,City and the stars,Arthur C. Clarke,2012-10-13
789,Street magic,Tamora Pierce,2012-10-06
788,Shatterglass,Tamora Pierce,2012-10-06
787,Vile bodies,Evelyn Waugh,2012-10-06
786,Prosper the commonwealth,Robert Randolph Garran,2012-10-01
785,Decline and fall,Evelyn Waugh,2012-09-30
784,Kushiel's dart,Jaqueline Carey,2012-09-23
783,Corinthian,Georgette Heyer,2012-09-22
782,Pride and platypus: Mr Darcy's dreadful secret,Vera Nazarian,2012-09-16
781,Fuzzy nation,John Scalzi,2012-09-16
780,Blue sword,Robin McKinley,2012-09-15
779,How to be a woman,Caitlin Moran,2012-09-14
778,Pagan's scribe,Catherine Jinks,2012-09-13
777,Hunger games,Suzanne Collins,2012-09-13
776,These old shades,Georgette Heyer,2012-09-08
775,Grand Sophy,Georgette Heyer,2012-09-05
774,Messiah,Gore Vidal,2012-08-27
773,Year of the griffin,Diana Wynne Jones,2012-08-08
772,Secret history,Donna Tartt,2012-08-02
771,Shining city,Kate Forsyth,2012-07-22
770,Tower of ravens,Kate Forsyth,2012-07-21
769,Name of the wind,Patrick Rothfuss,2012-07-06
768,Magician king,Lev Grossman,2012-06-30
767,Harper's magazine - March 2011,Various,2012-06-24
766,Number the stars,Lois Lowry,2012-06-24
765,Double star,Robert A. Heinlein,2012-06-24
764,Magicians,Lev Grossman,2012-06-23
763,Getting of wisdom,Henry Handel Richardson,2012-06-23
762,Possession,A.S. Byatt,2012-06-19
761,Thud!,Terry Pratchett,2012-06-11
760,Solid mandala,Patrick White,2012-06-09
759,Northanger abbey,Jane Austen,2012-06-01
758,Reign of beasts,Tansy Rayner Roberts,2012-05-27
757,Shattered city,Tansy Rayner Roberts,2012-05-27
756,Power and majesty,Tansy Rayner Roberts,2012-05-26
755,Persuasion,Jane Austen,2012-05-15
754,Arabella,Georgette Heyer,2012-05-15
753,Tale of time city,Diana Wynne Jones,2012-04-26
752,Spindle's end,Robin McKinley,2012-04-25
751,Spycatcher trial,Malcolm Turnbull,2012-04-24
750,Hexwood,Diana Wynne Jones,2012-04-23
749,Dark lord of Derkholm,Diana Wynne Jones,2012-04-22
748,Sudden wild magic,Diana Wynne Jones,2012-04-21
747,Wolf-speaker,Tamora Pierce,2012-04-20
746,Wild magic,Tamora Pierce,2012-04-19
745,Lioness rampant,Tamora Pierce,2012-04-18
744,Woman who rides like a man,Tamora Pierce,2012-04-17
743,Fanny and the monsters,Penelope Lively,2012-04-16
742,In the hand of the Goddess,Tamora Pierce,2012-04-15
741,Cinder,Marissa Meyer,2012-04-14
740,Paladin of souls,Lois McMaster Bujold,2012-04-14
739,Alanna: the first adventure,Tamora Pierce,2012-04-14
738,Bloody chamber,Angela Carter,2012-04-09
737,Warrior woman,Marion Zimmer Bradley,2012-04-08
736,Mastiff,Tamora Pierce,2012-04-07
735,Sylvester,Georgette Heyer,2012-03-03
734,Timeless,Gail Carriger,2012-03-03
733,Magic's price,Mercedes Lackey,2012-01-30
732,Magic's promise,Mercedes Lackey,2012-01-30
731,Magic's pawn,Mercedes Lackey,2012-01-30
730,Shards of honor,Lois McMaster Bujold,2012-01-30
729,"RT, Margaret and the rats of NIMH",Jane Leslie Conly,2012-01-30
728,Venetia,Georgette Heyer,2012-01-30
727,Wonderful story of Henry Sugar,Roald Dahl,2012-01-30
726,Oathbreakers,Mercedes Lackey,2012-01-30
725,Oathbound,Mercedes Lackey,2012-01-30
724,They came to Baghdad,Agatha Christie,2012-01-30
723,Catalogue of the universe,Margaret Mahy,2012-01-30
722,City and the city,China Miéville,2012-01-25
721,Treasure islands: tax havens and the men who stole the world,Nicholas Shaxson,2012-01-24
720,Water horse,Dick King-Smith,2012-01-23
719,Sophie's snail,Dick King-Smith,2012-01-23
718,Friday's child,Georgette Heyer,2012-01-22
717,Devil's cub,Georgette Heyer,2012-01-22
716,These old shades,Georgette Heyer,2012-01-21
715,Soulless,Gail Carriger,2012-01-21
714,Sophie is seven,Dick King-Smith,2012-01-20
713,I wanted a pony,Diana Pullein-Thompson,2012-01-04
712,"Birds, beasts and relatives",Gerald Durrell,2011-12-31
711,The house of silk,Anthony Horowitz,2011-12-28
710,Cousin Kate,Georgette Heyer,2011-12-28
709,Discovery of witches,Deborah Harkness,2011-12-26
708,Death comes to Pemberley,P.D. James,2011-12-25
707,Matilda,Roald Dahl,2011-12-20
706,Tales of Beedle the bard,J.K. Rowling,2011-12-11
705,Heartless,Gail Carriger,2011-11-24
704,Deathworld,Harry Harrison,2011-11-23
703,Snuff,Terry Pratchett,2011-11-15
702,Haroun and the sea of stories,Salman Rushdie,2011-11-14
701,Icarus hunt,Timothy Zahn,2011-11-13
700,My book of pony stories,Gillian Baxter,2011-11-12
699,National Velvet,Enid Bagnold,2011-11-12
698,Tin princess,Philip Pullman,2011-11-10
697,Tiger in the well,Philip Pullman,2011-11-09
696,Dogsbody,Diana Wynne Jones,2011-11-09
695,Cold magic,Kate Elliott,2011-11-05
694,Thud!,Terry Pratchett,2011-11-05
693,Night watch,Terry Pratchett,2011-11-04
692,"Fifth elephant, The",Terry Pratchett,2011-11-04
691,Jingo,Terry Pratchett,2011-11-03
690,Feet of clay,Terry Pratchett,2011-10-25
689,Men at arms,Terry Pratchett,2011-10-19
688,Guards! Guards!,Terry Pratchett,2011-10-18
687,Castle in the air,Diana Wynne Jones,2011-10-15
686,How to live safely in a science fictional universe,Charles Yu,2011-10-03
685,I shall wear midnight,Terry Pratchett,2011-10-02
684,Wintersmith,Terry Pratchett,2011-10-02
683,Hat full of sky,Terry Pratchett,2011-09-29
682,Friday's child,Georgette Heyer,2011-09-28
681,Wee free men,Terry Pratchett,2011-09-28
680,Curse of Chalion,Lois McMaster Bujold,2011-09-26
679,Moab is my washpot,Stephen Fry,2011-09-23
678,Shades of grey,Jasper fforde,2011-09-11
677,Venetia,Georgette Heyer,2011-08-28
676,Jane Eyre,Charlotte Brontë,2011-08-28
675,Gardens of the moon,Steven Erikson,2011-08-23
674,Grand Sophy,Georgette Heyer,2011-08-08
673,Reluctant widow,Georgette Heyer,2011-08-08
672,Dealing with dragons,Patricia C. Wrede,2011-08-07
671,Bartimaeus: the ring of Solomon,Jonathan Stroud,2011-07-09
670,Crown of stars,Kate Elliott,2011-07-04
669,In the ruins,Kate Elliott,2011-07-03
668,Gathering storm,Kate Elliott,2011-07-02
667,Child of flame,Kate Elliott,2011-07-01
666,Burning stone,Kate Elliott,2011-06-30
665,Prince of dogs,Kate Elliott,2011-06-25
664,Leviathan,Scott Westerfeld,2011-06-16
663,Beauty,Robin McKinley,2011-06-15
662,Master and commander,Patrick O'Brien,2011-06-13
661,Charity girl,Georgette Heyer,2011-05-21
660,Monstrous regiment,Terry Pratchett,2011-05-19
659,Shadow in the north,Philip Pullman,2011-04-30
658,Ruby in the smoke,Philip Pullman,2011-04-30
657,Infinity gate,Sara Douglass,2011-04-26
656,Power of three,Diana Wynne Jones,2011-04-25
655,Tortall and other lands,Tamora Pierce,2011-04-24
654,So long a letter,Mariama Ba,2011-04-18
653,King's dragon,Kate Elliott,2011-04-17
652,Finnikin of the rock,Melina Marchetta,2011-04-10
651,Witch week,Diana Wynne Jones,2011-04-10
650,Myrren's gift,Fiona McIntosh,2011-04-09
649,Two against the odds,Joan Kilby,2011-04-09
648,Last dragonslayer,Jasper fforde,2011-04-08
647,Across the universe,Beth Revis,2011-04-07
646,Homeward bounders,Diana Wynne Jones,2011-04-04
645,Lathe of heaven,Ursula Le Guin,2011-03-27
644,Girl with the dragon tattoo,Stieg Larsson,2011-03-25
643,Monsters of men,Patrick Ness,2011-03-23
642,Ask and the answer,Patrick Ness,2011-03-23
641,Knife of never letting go,Patrick Ness,2011-03-22
640,Harper's magazine - April 2010,Various,2011-03-16
639,Feed,Mira Grant,2011-03-09
638,Citizen of the galaxy,Robert A. Heinlein,2011-03-06
637,Sharing knife: horizon,Lois McMaster Bujold,2011-03-05
636,Sharing knife: passage,Lois McMaster Bujold,2011-02-26
635,Sharing knife: legacy,Lois McMaster Bujold,2011-02-24
634,Sharing knife: beguilement,Lois McMaster Bujold,2011-02-20
633,Kraken,China Miéville,2011-01-17
632,Arsonist's guide to writers' homes in New England,Brock Clarke,2011-01-15
631,Dark lord of Derkholm,Diana Wynne Jones,2011-01-04
630,Lives of Christopher Chant,Diana Wynne Jones,2010-12-26
629,Esio trot,Roald Dahl,2010-12-26
628,O Jerusalem,Laurie R. King,2010-12-17
627,Amulet of samarkand,Jonathan Stroud,2010-12-14
626,Hexwood,Diana Wynne Jones,2010-12-14
625,Trickster's queen,Tamora Pierce,2010-12-13
624,Trickster's choice,Tamora Pierce,2010-12-13
623,Weapon makers,A.E. van Vogt,2010-12-12
622,Weapon shops of Isher,A.E. van Vogt,2010-12-12
621,Slan,A.E. van Vogt,2010-12-11
620,Silver on the tree,Susan Cooper,2010-12-11
619,Grey king,Susan Cooper,2010-12-10
618,Greenwitch,Susan Cooper,2010-12-09
617,Dark is rising,Susan Cooper,2010-12-09
616,"Over sea, under stone",Susan Cooper,2010-12-07
615,Arrow's fall,Mercedes Lackey,2010-12-07
614,Arrow's flight,Mercedes Lackey,2010-12-07
613,Arrows of the queen,Mercedes Lackey,2010-12-06
612,We didn't mean to go to sea,Arthur Ransome,2010-12-06
611,Picts and the martyrs,Arthur Ransome,2010-12-05
610,Great northern?,Arthur Ransome,2010-12-04
609,Pigeon post,Arthur Ransome,2010-12-02
608,Peter Duck,Arthur Ransome,2010-12-01
607,Black hearts in Battersea,Joan Aiken,2010-12-01
606,Iron wolf,Richard Adams,2010-11-27
605,Blameless,Gail Carriger,2010-11-25
604,Changeless,Gail Carriger,2010-11-25
603,Wolves of Willoughby Chase,Joan Aiken,2010-11-25
602,Absent in the spring,"Agatha Christie,Mary Westmacott",2010-11-25
601,Postern of fate,Agatha Christie,2010-11-25
600,No wind of blame,Georgette Heyer,2010-11-25
599,Evil genius,Catherine Jinks,2010-11-24
598,Year of the griffin,Diana Wynne Jones,2010-11-22
597,Cryoburn,Lois McMaster Bujold,2010-11-21
596,Monstrous regiment of women,Laurie R. King,2010-11-17
595,Horse whisperer,Nicholas Evans,2010-11-04
594,Barrayar,Lois McMaster Bujold,2010-11-03
593,Cross bones,Kathy Reichs,2010-10-29
592,Shards of honor,Lois McMaster Bujold,2010-10-28
591,Echo in time: Atlantis,Traci Harding,2010-10-18
590,Ancient future,Traci Harding,2010-10-16
589,Jane Eyre,Charlotte Brontë,2010-10-05
588,Convenient marriage,Georgette Heyer,2010-09-29
587,Exile's honor,Mercedes Lackey,2010-09-28
586,Soulless,Gail Carriger,2010-09-25
585,"Fifth elephant, The",Terry Pratchett,2010-09-23
584,Jingo,Terry Pratchett,2010-09-23
583,Civil campaign,Lois McMaster Bujold,2010-09-21
582,Komarr,Lois McMaster Bujold,2010-09-19
581,Memory,Lois McMaster Bujold,2010-09-18
580,Ethan of Athos,Lois McMaster Bujold,2010-09-15
579,Cotillion,Georgette Heyer,2010-09-04
578,Blameless,Gail Carriger,2010-09-02
577,Changeless,Gail Carriger,2010-09-02
576,Soulless,Gail Carriger,2010-09-01
575,Dark journey,Dave Luckett,2010-08-29
574,Dark winter,Dave Luckett,2010-08-29
573,Curse of Chalion,Lois McMaster Bujold,2010-08-24
572,Reformed vampire support group,Catherine Jinks,2010-07-28
571,Seeress of Kell,David Eddings,2010-07-25
570,Sorceress of Darshiva,David Eddings,2010-07-25
569,Un lun dun,China Miéville,2010-07-24
568,Harper's magazine - March 2010,Various,2010-07-20
567,Harper's magazine - July 2010,Various,2010-07-19
566,Harper's magazine - March 2007,Various,2010-07-19
565,Harper's magazine - February 2010,Various,2010-07-19
564,Demon Lord of Karanda,David Eddings,2010-07-15
563,King of the Murgos,David Eddings,2010-07-15
562,Guardians of the West,David Eddings,2010-07-15
561,Paladin of souls,Lois McMaster Bujold,2010-07-12
560,Almost a lady,Sonya Birmingham,2010-06-28
559,Lady knight,Tamora Pierce,2010-06-28
558,Squire,Tamora Pierce,2010-06-28
557,Page,Tamora Pierce,2010-06-28
556,First test,Tamora Pierce,2010-06-27
555,Lioness rampant,Tamora Pierce,2010-06-27
554,Inspector Ghote trusts the heart,H.R.F. Keating,2010-06-25
553,Woman who rides like a man,Tamora Pierce,2010-06-21
552,In the hand of the Goddess,Tamora Pierce,2010-06-21
551,Alanna: the first adventure,Tamora Pierce,2010-06-21
550,Death in the stocks,Georgette Heyer,2010-06-21
549,Realms of the gods,Tamora Pierce,2010-06-10
548,People might hear you,Robin Klein,2010-06-10
547,Hallowed hunt,Lois McMaster Bujold,2010-06-03
546,Enchanters' end game,David Eddings,2010-06-02
545,Castle of wizardy,David Eddings,2010-06-02
544,Magician's gambit,David Eddings,2010-06-01
543,Queen of sorcery,David Eddings,2010-05-30
542,Pawn of prophecy,David Eddings,2010-05-30
541,Isobel on the way to the corner shop,Amy Witting,2010-05-21
540,House of many ways,Diana Wynne Jones,2010-05-19
539,Howl's moving castle,Diana Wynne Jones,2010-05-18
538,Blunt instrument,Georgette Heyer,2010-05-11
537,Dogsbody,Diana Wynne Jones,2010-05-02
536,Sharing knife: horizon,Lois McMaster Bujold,2010-04-28
535,Sharing knife: passage,Lois McMaster Bujold,2010-04-27
534,Ten little n####rs,Agatha Christie,2010-04-26
533,Sharing knife: legacy,Lois McMaster Bujold,2010-04-26
532,Sharing knife: beguilement,Lois McMaster Bujold,2010-04-24
531,First among sequels,Jasper fforde,2010-04-24
530,Princess bride,William Goldman,2010-04-22
529,Mirror dance,Lois McMaster Bujold,2010-04-10
528,Dragon boy,Dick King-Smith,2010-03-12
527,Inkheart,Cornelia Funke,2010-03-06
526,Princess and the captain,Anne-Laure Bondoux,2010-03-05
525,Hexwood,Diana Wynne Jones,2010-02-20
524,Ethan of Athos,Lois McMaster Bujold,2010-02-19
523,Civil campaign,Lois McMaster Bujold,2010-02-18
522,Komarr,Lois McMaster Bujold,2010-02-15
521,Castle in the air,Diana Wynne Jones,2010-02-10
520,Pinstriped prison,Lisa Pryor,2010-02-07
519,Pride and prejudice,Jane Austen,2010-02-07
518,Feet of clay,Terry Pratchett,2010-02-04
517,Justice hall,Laurie R. King,2010-02-02
516,Sharing knife: horizon,Lois McMaster Bujold,2010-01-29
515,Harper's magazine - January 2010,Various,2010-01-26
514,Charlie and the great glass elevator,Roald Dahl,2010-01-25
513,Charlie and the chocolate factory,Roald Dahl,2010-01-25
512,Six suspects,Vikas Swarup,2010-01-24
511,Corinthian,Georgette Heyer,2010-01-22
510,Cotillion,Georgette Heyer,2010-01-22
509,American gods,Neil Gaiman,2010-01-21
508,Convenient marriage,Georgette Heyer,2010-01-17
507,Cetaganda,Lois McMaster Bujold,2010-01-15
506,Dreamweaver's dilemma,Lois McMaster Bujold,2010-01-12
505,Lady and the lawyer,Colin Roderick,2010-01-02
504,Our woman in Kabul,Irris Makler,2009-12-27
503,Pride and prejudice and zombies,"Jane Austen,Seth Grahame-Smith",2009-12-27
502,Spycatcher: the candid autobiography of a senior intelligence officer,Peter Wright,2009-12-26
501,Men at arms,Terry Pratchett,2009-12-12
500,Guards! Guards!,Terry Pratchett,2009-12-10
499,Curse of Chalion,Lois McMaster Bujold,2009-12-08
498,Last battle,C.S. Lewis,2009-12-05
497,Magician's nephew,C.S. Lewis,2009-12-01
496,Horse and his boy,C.S. Lewis,2009-11-29
495,Silver chair,C.S. Lewis,2009-11-28
494,Voyage of the Dawn Treader,C.S. Lewis,2009-11-26
493,Prince Caspian,C.S. Lewis,2009-11-25
492,"Lion, the witch and the wardrobe.",C.S. Lewis,2009-11-25
491,Beekeeper's apprentice,Laurie R. King,2009-11-22
490,Harper's magazine - February 2007,Various,2009-11-21
489,Thud!,Terry Pratchett,2009-11-19
488,Night watch,Terry Pratchett,2009-11-17
487,Sudden wild magic,Diana Wynne Jones,2009-11-16
486,Year of the griffin,Diana Wynne Jones,2009-11-12
485,Spark: igniting the creative fire that lives within us all,"John U. Bacon,Lyn Heward",2009-11-11
484,Dark lord of Derkholm,Diana Wynne Jones,2009-11-10
483,Boundary riders,Joan Phipson,2009-11-09
482,Dogsbody,Diana Wynne Jones,2009-11-09
481,Crooked snake,Patricia Wrightson,2009-11-07
480,Ramona forever,Beverly Cleary,2009-11-06
479,Ramona the brave,Beverly Cleary,2009-11-06
478,Ramona the pest,Beverly Cleary,2009-11-06
477,Henry and Beezus,Beverly Cleary,2009-11-06
476,Beezus and Ramona,Beverly Cleary,2009-11-06
475,Howl's moving castle,Diana Wynne Jones,2009-11-06
474,Parker Pyne investigates,Agatha Christie,2009-11-04
473,Murder in the mews,Agatha Christie,2009-11-04
472,Vor game,Lois McMaster Bujold,2009-11-03
471,Murder in Mesopotamia,Agatha Christie,2009-11-03
470,Murder at the vicarage,Agatha Christie,2009-11-02
469,Devil's cub,Georgette Heyer,2009-11-01
468,"Game, The",Laurie R. King,2009-10-31
467,Northanger abbey,Jane Austen,2009-10-28
466,Haunting of Bellamy 4,Monica Dickens,2009-10-25
465,Paladin of souls,Lois McMaster Bujold,2009-10-22
464,Harper's magazine - January 2007,Various,2009-10-15
463,Shards of honor,Lois McMaster Bujold,2009-10-15
462,Mrs. McGinty's dead,Agatha Christie,2009-10-13
461,Sharing knife: passage,Lois McMaster Bujold,2009-10-10
460,Moving finger,Agatha Christie,2009-10-06
459,Sharing knife: beguilement,Lois McMaster Bujold,2009-10-05
458,Hickory dickory dock,Agatha Christie,2009-09-30
457,Evil under the sun,Agatha Christie,2009-09-27
456,Death in the clouds,Agatha Christie,2009-09-27
455,"Don't tell mum I work on the rigs, she thinks I'm a piano player in a whorehouse",Paul Carter,2009-09-23
454,Jane Eyre,Charlotte Brontë,2009-09-20
453,To the manor born,Peter Spence,2009-09-15
452,Jane Austen's guide to dating,Lauren Henderson,2009-09-12
451,Graveyard book,Neil Gaiman,2009-09-09
450,"Fifth elephant, The",Terry Pratchett,2009-09-08
449,Jingo,Terry Pratchett,2009-09-05
448,Feet of clay,Terry Pratchett,2009-09-04
447,Mirror crack'd from side to side,Agatha Christie,2009-09-01
446,Faro's daughter,Georgette Heyer,2009-08-31
445,Harper's magazine - December 2006,Various,2009-08-19
444,Da Vinci code,Dan Brown,2009-08-18
443,Death of a perfect wife,M.C. Beaton,2009-08-17
442,Death comes as the end,Agatha Christie,2009-08-16
441,By the pricking of my thumbs,Agatha Christie,2009-08-14
440,Valley of adventure,Enid Blyton,2009-08-14
439,Citizen of the galaxy,Robert A. Heinlein,2009-08-11
438,Game of kings,Dorothy Dunnet,2009-08-09
437,Black horses for the king,Anne McCaffrey,2009-08-04
436,One day in the life of Ivan Denisovich,Alexander Solzhenitsyn,2009-07-24
435,Spaceship medic,Harry Harrison,2009-07-22
434,Eyre affair,Jasper fforde,2009-07-19
433,Curse of Chalion,Lois McMaster Bujold,2009-07-17
432,Bridge in the clouds,William Corbett,2009-07-09
431,Tunnel behind the waterfall,William Corbett,2009-07-09
430,Door in the tree,William Corbett,2009-07-09
429,Steps up the chimney,William Corbett,2009-07-09
428,Longitude,Dava Sobel,2009-07-08
427,Bloodhound,Tamora Pierce,2009-07-06
426,Alice in wonderland,Lewis Carroll,2009-07-06
425,Sharing knife: horizon,Lois McMaster Bujold,2009-07-06
424,Heidi,Johanna Spyri,2009-07-05
423,Castle of adventure,Enid Blyton,2009-06-26
422,Justice game,Geoffrey Robertson,2009-06-25
421,Gun seller,Hugh Laurie,2009-06-25
420,These old shades,Georgette Heyer,2009-06-23
419,I found my horn,Jasper Rees,2009-06-23
418,Airs above the ground,Mary Stewart,2009-06-01
417,Ptolemy's gate,Jonathan Stroud,2009-05-30
416,Golem's eye,Jonathan Stroud,2009-05-30
415,Amulet of samarkand,Jonathan Stroud,2009-05-29
414,Pagan's scribe,Catherine Jinks,2009-05-29
413,Scatterlings,Isobelle Carmody,2009-05-29
412,Goodnight mister Tom,Michelle Magorian,2009-05-22
411,April lady,Georgette Heyer,2009-05-21
410,Convenient marriage,Georgette Heyer,2009-05-21
409,Paladin of souls,Lois McMaster Bujold,2009-05-19
408,Double star,Robert A. Heinlein,2009-05-14
407,Twilight,Stephenie Meyer,2009-05-12
406,Howl's moving castle,Diana Wynne Jones,2009-05-08
405,Walk in wolf wood,Mary Stewart,2009-05-07
404,Harper's magazine - November 2006,Various,2009-05-05
403,Why didn't they ask Evans?,Agatha Christie,2009-05-04
402,Devil's cub,Georgette Heyer,2009-04-23
401,Gaudy night,Dorothy L Sayers,2009-04-21
400,Cotillion,Georgette Heyer,2009-04-19
399,Castle in the air,Diana Wynne Jones,2009-04-19
398,Howl's moving castle,Diana Wynne Jones,2009-04-18
397,Homeward bounders,Diana Wynne Jones,2009-04-17
396,Year of the griffin,Diana Wynne Jones,2009-04-16
395,Dark lord of Derkholm,Diana Wynne Jones,2009-04-16
394,Hobbit (The),J.R.R. Tolkien,2009-04-13
393,Sharing knife: legacy,Lois McMaster Bujold,2009-04-12
392,Primary inversion,Catherine Asaro,2009-04-12
391,Shoes of the fisherman,Morris West,2009-03-31
390,Harry Potter and the deathly hallows,J.K. Rowling,2009-03-30
389,Sheepfarmer's daugher,Elizabeth Moon,2009-03-28
388,Crooked house,Agatha Christie,2009-03-21
387,Ella enchanted,Gail Carson Levine,2009-03-21
386,Sharing knife: passage,Lois McMaster Bujold,2009-03-04
385,Phantom tollbooth,Norton Juster,2009-02-23
384,Pelican brief,John Grisham,2009-02-22
383,Evatt: politics and justice,Kylie Tennant,2009-02-21
382,Halfmen of O,Maurice Gee,2009-02-18
381,Cold comfort farm,Stella Gibbons,2009-02-06
380,Lorna Doone,R.D. Blackmore,2009-02-04
379,All things wise and wonderful,James Herriot,2009-02-01
378,Lawyer and the libertine,Ian Callinan,2009-01-29
377,Magic's price,Mercedes Lackey,2009-01-27
376,Owlknight,Mercedes Lackey,2009-01-23
375,Town like Alice,Nevil Shute,2009-01-23
374,Owlsight,Mercedes Lackey,2009-01-22
373,Owlflight,Mercedes Lackey,2009-01-22
372,Storm breaking,Mercedes Lackey,2009-01-22
371,Storm rising,Mercedes Lackey,2009-01-21
370,Storm warning,Mercedes Lackey,2009-01-21
369,Winds of change,Mercedes Lackey,2009-01-20
368,Winds of fate,Mercedes Lackey,2009-01-20
367,Sharing knife: legacy,Lois McMaster Bujold,2009-01-14
366,Sharing knife: beguilement,Lois McMaster Bujold,2009-01-12
365,Devil's cub,Georgette Heyer,2009-01-08
364,April lady,Georgette Heyer,2009-01-08
363,Maid Marian: a novel,Elsa Watson,2009-01-06
362,Sharing knife: passage,Lois McMaster Bujold,2009-01-05
361,Sense and sensibility,Jane Austen,2009-01-03
360,Grass,Sheri S. Tepper,2009-01-02
359,Galaxy reader of science fiction,H.L. Gold,2008-12-29
358,Imagination unlimited,"Everett Bleiler,T.E. Dikty",2008-12-27
357,Tomorrow's universe,H.J. Campbell,2008-12-27
356,Gateway to the stars,John Carnell,2008-12-27
355,Twilight,Stephenie Meyer,2008-12-25
354,All things bright and beautiful,James Herriot,2008-12-25
353,Twisted citadel,Sara Douglass,2008-12-24
352,Tales of Beedle the bard,J.K. Rowling,2008-12-22
351,Merlin conspiracy,Diana Wynne Jones,2008-12-19
350,Melting stones,Tamora Pierce,2008-12-18
349,Charmed life,Diana Wynne Jones,2008-12-18
348,Year of the griffin,Diana Wynne Jones,2008-12-18
347,Spirit ring,Lois McMaster Bujold,2008-12-09
346,Curse of Chalion,Lois McMaster Bujold,2008-12-08
345,Letter of Mary,Laurie R. King,2008-12-06
344,Paladin of souls,Lois McMaster Bujold,2008-12-05
343,Busman's honeymoon,Dorothy L Sayers,2008-12-03
342,Men at arms,Terry Pratchett,2008-12-03
341,Gaudy night,Dorothy L Sayers,2008-12-01
340,Guards! Guards!,Terry Pratchett,2008-12-01
339,Locked out: felon disenfranchisement and American democracy,"Jeff Manza,Christopher Uggen",2008-11-28
338,Chocolate war,Robert Cormier,2008-11-27
337,"Secret diary of Adrian Mole, aged 13¾",Sue Townsend,2008-11-27
336,Monarch of the glen,Compton Mackenzie,2008-11-27
335,Damned whores and god's police,Anne Summers,2008-11-25
334,Cotillion,Georgette Heyer,2008-11-25
333,Dictator and the hammock,Daniel Pennac,2008-11-24
332,"King of the desert, captive bride",Jane Porter,2008-11-23
331,Making money,Terry Pratchett,2008-11-22
330,Lady knight,Tamora Pierce,2008-11-13
329,Squire,Tamora Pierce,2008-11-13
328,Wrinkle in time,Madeleine L'Engle,2008-11-13
327,Enchanter,Sara Douglass,2008-11-01
326,Silverthorn,Raymond E Feist,2008-10-25
325,Uncommon reader,Alan Bennett,2008-10-24
324,Stig of the dump,Clive King,2008-10-23
323,Mansfield park,Jane Austen,2008-10-21
322,Lives of Christopher Chant,Diana Wynne Jones,2008-10-16
321,Hallowed hunt,Lois McMaster Bujold,2008-10-16
320,Corinthian,Georgette Heyer,2008-10-16
319,Convenient marriage,Georgette Heyer,2008-10-16
318,Trickster's queen,Tamora Pierce,2008-10-10
317,Trickster's choice,Tamora Pierce,2008-10-09
316,BFG,Roald Dahl,2008-10-06
315,A man lay dead,Ngaio Marsh,2008-10-05
314,Honor of the queen,David Weber,2008-10-04
313,Icarus hunt,Timothy Zahn,2008-10-04
312,All creatures great and small,James Herriot,2008-10-03
311,Magicians of Caprona,Diana Wynne Jones,2008-10-02
310,Warrior's apprentice,Lois McMaster Bujold,2008-10-01
309,On Basilisk Station,David Weber,2008-09-28
308,Sharing knife: beguilement,Lois McMaster Bujold,2008-09-27
307,Sharing knife: legacy,Lois McMaster Bujold,2008-09-24
306,Shards of honor,Lois McMaster Bujold,2008-09-20
305,Will of the empress,Tamora Pierce,2008-09-17
304,Magic steps,Tamora Pierce,2008-09-17
303,Healing in the vine,Tamora Pierce,2008-09-14
302,Fire in the forging,Tamora Pierce,2008-09-14
301,Power in the storm,Tamora Pierce,2008-09-13
300,Magic in the weaving,Tamora Pierce,2008-09-13
299,Photo finish,Ngaio Marsh,2008-09-05
298,Doctor who: the Sensorites,Nigel Robinson,2008-08-23
297,Masters of reality: the gathering,Traci Harding,2008-08-22
296,Weatherstone eleven,Rebecca Lisle,2008-08-21
295,Echo in time: Atlantis,Traci Harding,2008-08-21
294,Ancient future,Traci Harding,2008-08-17
293,Seeress of Kell,David Eddings,2008-08-15
292,Sorceress of Darshiva,David Eddings,2008-08-15
291,Demon lord of Karanda,David Eddings,2008-08-15
290,King of the Murgos,David Eddings,2008-08-15
289,Guardians of the west,David Eddings,2008-08-15
288,Magician's gambit,David Eddings,2008-08-15
287,Queen of sorcery,David Eddings,2008-08-15
286,Pawn of prophecy,David Eddings,2008-08-13
285,Komarr,Lois McMaster Bujold,2008-08-13
284,Threshold,Sara Douglass,2008-08-09
283,Justice hall,Laurie R. King,2008-08-07
282,Alchemist's key,Traci Harding,2008-08-06
281,Ditta's tree,Jean Hughes,2008-08-05
280,Enchanter's end game,David Eddings,2008-07-24
279,Castle of wizardry,David Eddings,2008-07-24
278,Pool of two moons,Kate Forsyth,2008-07-23
277,Dragonclaw,Kate Forsyth,2008-07-23
276,Something wicked this way comes,Ray Bradbury,2008-07-21
275,Downward to the earth,Robert Silverberg,2008-07-20
274,Take a thief,Mercedes Lackey,2008-07-19
273,Howl's moving castle,Diana Wynne Jones,2008-07-18
272,Eye to eye,Catherine Jinks,2008-07-16
271,Hexwood,Diana Wynne Jones,2008-07-16
270,By the sword,Mercedes Lackey,2008-07-15
269,Witchbank,Catherine Jinks,2008-07-15
268,Castle in the air,Diana Wynne Jones,2008-07-14
267,Harper's magazine - July 2008,Various,2008-07-13
266,Secret garden,Frances Hodgson Burnett,2008-07-12
265,Emlyn's moon,Jenny Nimmo,2008-07-11
264,Snow spider,Jenny Nimmo,2008-07-11
263,Arrow's fall,Mercedes Lackey,2008-07-10
262,Arrow's flight,Mercedes Lackey,2008-07-10
261,Tenth planet,Edmund Cooper,2008-07-08
260,Female eunuch,Germaine Greer,2008-07-05
259,Storm of swords,George R.R. Martin,2008-06-30
258,Clash of kings,George R.R. Martin,2008-06-29
257,Game of thrones,George R.R. Martin,2008-06-28
256,Winning colors,Elizabeth Moon,2008-06-21
255,Sporting chance,Elizabeth Moon,2008-06-20
254,Hunting party,Elizabeth Moon,2008-06-20
253,Paladin of souls,Lois McMaster Bujold,2008-06-11
252,Pippi longstocking,Astrid Lindgren,2008-06-09
251,Harper's magazine - June 2008,Various,2008-06-08
250,Puck of pook's hill,Rudyard Kipling,2008-06-04
249,Mantras and misdemeanours: an accidental love story,Vanessa Walker,2008-05-29
248,Sharing knife: beguilement,Lois McMaster Bujold,2008-05-20
247,Sharing knife: legacy,Lois McMaster Bujold,2008-05-20
246,Law student survival guide : 9 steps to law study success,Claire Macken,2008-05-13
245,Curse of Chalion,Lois McMaster Bujold,2008-05-11
244,Mastering law studies and law exam techniques,Richard Krever,2008-05-07
243,Genius squad,Catherine Jinks,2008-05-06
242,Sheep-pig,Dick King-Smith,2008-05-01
241,Chimneys of Green Knowe,Lucy M Boston,2008-04-19
240,Children of Green Knowe,Lucy M Boston,2008-04-19
239,Tehanu,Ursula Le Guin,2008-04-18
238,Farthest shore,Ursula Le Guin,2008-04-16
237,Tombs of Atuan,Ursula Le Guin,2008-04-15
236,Wizard of Earthsea,Ursula Le Guin,2008-04-13
235,Rainbow and Mr Zed,Jenny Nimmo,2008-04-11
234,Ultramarine,Jenny Nimmo,2008-04-11
233,Daddy-long-legs,Jean Webster,2008-04-11
232,Ronia the robber's daughter,Astrid Lindgren,2008-04-05
231,Falling free,Lois McMaster Bujold,2008-04-04
230,Cairo Jim and the lagoon of tidal magnificence,Geoffrey McSkimming,2008-04-02
229,Magic's promise,Mercedes Lackey,2008-03-31
228,Moor,Laurie R. King,2008-03-30
227,Five on a secret trail,Enid Blyton,2008-03-29
226,Beekeeper's apprentice,Laurie R. King,2008-03-28
225,Realms of the gods,Tamora Pierce,2008-03-27
224,Emperor mage,Tamora Pierce,2008-03-26
223,Wolf-speaker,Tamora Pierce,2008-03-26
222,Wild magic,Tamora Pierce,2008-03-25
221,Lioness rampant,Tamora Pierce,2008-03-25
220,Woman who rides like a man,Tamora Pierce,2008-03-25
219,In the hand of the Goddess,Tamora Pierce,2008-03-24
218,Alanna: the first adventure,Tamora Pierce,2008-03-21
217,Terrier,Tamora Pierce,2008-03-20
216,Run to the ark,Tom McCaughren,2008-03-19
215,"Run swift, run free",Tom McCaughren,2008-03-18
214,Run to earth,Tom McCaughren,2008-03-17
213,Howl's moving castle,Diana Wynne Jones,2008-03-16
212,Magic's pawn,Mercedes Lackey,2008-03-13
211,Arrows of the queen,Mercedes Lackey,2008-03-12
210,Exile's valor,Mercedes Lackey,2008-03-09
209,Exile's honor,Mercedes Lackey,2008-03-08
208,Run with the wind,Tom McCaughren,2008-03-07
207,Breakfast of champions,Kurt Vonnegut,2008-03-07
206,Things I overheard while talking to myself,Alan Alda,2008-03-06
205,My 'dam life,Sean Condon,2008-03-04
204,Grapes of wrath,John Steinbeck,2007-01-01
203,Gaudy night,Dorothy L Sayers,2007-01-01
202,Thud!,Terry Pratchett,2007-01-01
201,Strong poison,Dorothy L Sayers,2007-01-01
200,Night watch,Terry Pratchett,2007-01-01
199,Fifth elephant,Terry Pratchett,2007-01-01
198,Short history of tractors in Ukranian,Marina Lewycka,2007-01-01
197,Wicked,Gregory Maguire,2007-01-01
196,Handmaid's tale,Margaret Atwood,2007-01-01
195,The color purple,Alice Walker,2007-01-01
194,God of small things,Arundhati Roy,2007-01-01
193,Jingo,Terry Pratchett,2007-01-01
192,Feet of clay,Terry Pratchett,2007-01-01
191,Let sleeping vets lie,James Herriot,2007-01-01
190,Amsterdam,Ian McEwan,2007-01-01
189,Men at arms,Terry Pratchett,2007-01-01
188,Drunken forest,Gerald Durrell,2007-01-01
187,Flashman,George Macdonald Fraser,2007-01-01
186,Colour of magic,Terry Pratchett,2007-01-01
185,Curious incident of the dog in the night-time,Mark Haddon,2007-01-01
184,Life of Pi,Yann Martel,2007-01-01
183,Civil contract,Georgette Heyer,2007-01-01
182,Lords and ladies,Terry Pratchett,2007-01-01
181,Monsignor Quixote,Graham Greene,2007-01-01
180,Corinthian,Georgette Heyer,2007-01-01
179,Murder must advertise,Dorothy L Sayers,2007-01-01
178,Northanger abbey,Jane Austen,2007-01-01
177,When the world screamed,Sir Arthur Conan Doyle,2007-01-01
176,True story of a vampire and more,Eric Stenbock,2007-01-01
175,Dragon tamers,E Nesbit,2007-01-01
174,Disintegration machine,Sir Arthur Conan Doyle,2007-01-01
173,Clouds of witness,Dorothy L Sayers,2007-01-01
172,Guards! Guards!,Terry Pratchett,2007-01-01
171,Portnoy's complaint,Philip Roth,2007-01-01
170,Queen of spades (and other stories),Alexander Pushkin,2007-01-01
169,Food taster,Peter Elbling,2007-01-01
168,Mort,Terry Pratchett,2007-01-01
167,Catcher in the rye,J.D. Salinger,2007-01-01
166,Light fantastic,Terry Pratchett,2007-01-01
165,Not quite a lady,Loretta Chase,2007-01-01
164,DeKok and the death of a clown,A.C. Baantjer,2007-01-01
163,Cordelia's honor,Lois McMaster Bujold,2007-01-01
162,Railway children,E Nesbit,2007-01-01
161,Blind assassin,Margaret Atwood,2007-01-01
160,Komarr,Lois McMaster Bujold,2007-01-01
159,Eliza's daughter,Joan Aiken,2007-01-01
158,Super-state,Brian Aldiss,2007-01-01
157,Pride and prejudice,Jane Austen,2007-01-01
156,Night fall,Joan Aiken,2007-01-01
155,Sagittarius whorl,Julian May,2007-01-01
154,Orion arm,Julian May,2007-01-01
153,Game,Laurie R. King,2007-01-01
152,Perseus spur,Julian May,2007-01-01
151,I am the clay,Chaim Potok,2007-01-01
150,Witches abroad,Terry Pratchett,2007-01-01
149,Wyrd sisters,Terry Pratchett,2007-01-01
148,Equal rites,Terry Pratchett,2007-01-01
147,Sourcery,Terry Pratchett,2007-01-01
146,Monstrous regiment of women,Laurie R. King,2007-01-01
145,Casebook of Sherlock Holmes,Sir Arthur Conan Doyle,2007-01-01
144,His last bow,Sir Arthur Conan Doyle,2007-01-01
143,Valley of fear,Sir Arthur Conan Doyle,2007-01-01
142,Return of Sherlock Holmes,Sir Arthur Conan Doyle,2007-01-01
141,Memoirs of Sherlock Holmes,Sir Arthur Conan Doyle,2007-01-01
140,Adventures of Sherlock Holmes,Sir Arthur Conan Doyle,2007-01-01
139,Sign of the four,Sir Arthur Conan Doyle,2007-01-01
138,Study in scarlet,Sir Arthur Conan Doyle,2007-01-01
137,Prospero's children,Jan Seigel,2007-01-01
136,Well of lost plots,Jasper fforde,2007-01-01
135,Small gods,Terry Pratchett,2007-01-01
134,Going postal,Terry Pratchett,2007-01-01
133,Don Quixote de la Mancha,Michel Cervantes,2007-01-01
132,Great Gatsby,F. Scott Fitzgerald,2007-01-01
131,Locked rooms,Laurie R. King,2007-01-01
130,Seventy-seven clocks,Christopher Fowler,2007-01-01
129,Room with a view,E.M. Forster,2007-01-01
128,"Flights: extreme visions of fantasy, vol.1",Al Sarrantonio,2007-01-01
127,Fourth bear,Jasper fforde,2007-01-01
126,Big over easy,Jasper fforde,2007-01-01
125,Something rotten,Jasper fforde,2007-01-01
124,Treasure island,Robert Louis Stevenson,2007-01-01
123,Beekeeper's apprentice,Laurie R. King,2007-01-01
122,Hundred and one dalmatians,Dodie Smith,2007-01-01
121,If I were an evil overlord,"Martin H. Greenberg,Russell Davis",2007-01-01
120,Firesong,William Nicholson,2007-01-01
119,Slaves of the Mastery,William Nicholson,2007-01-01
118,Wind singer,William Nicholson,2007-01-01
117,Eight days of Luke,Diana Wynne Jones,2007-01-01
116,High lord,Trudi Canavan,2007-01-01
115,Novice,Trudi Canavan,2007-01-01
114,Magician's guild,Trudi Canavan,2007-01-01
113,Call of the wild / White Fang,Jack London,2007-01-01
112,Shipping news,Annie Proulx,2007-01-01
111,Heart of darkness,Joseph Conrad,2007-01-01
110,Monstrous regiment,Terry Pratchett,2007-01-01
109,Hallowed hunt,Lois McMaster Bujold,2007-01-01
108,Paladin of souls,Lois McMaster Bujold,2007-01-01
107,Curse of Chalion,Lois McMaster Bujold,2007-01-01
106,"To say nothing of the dog, or, how we found the bishop's bird-stump at last",Connie Willis,2007-01-01
105,"Moneypenny diaries, The: guardian angel",Kate Westbrook,2007-01-01
104,Speed of light,Elizabeth Moon,2007-01-01
103,Death of a poison pen,M.C. Beaton,2007-01-01
102,Death of a village,M.C. Beaton,2007-01-01
101,Three men in a boat: to say nothing of the dog!,Jerome K. Jerome,2007-01-01
100,Slaughterhouse-five,Kurt Vonnegut,2007-01-01
99,Plain tales from the hills,Rudyard Kipling,2007-01-01
98,Tales of H.P. Lovecraft,H.P. Lovecraft,2007-01-01
97,"Passport, The: the history of man's most travelled document",Martin Lloyd,2007-01-01
96,Day's work,Rudyard Kipling,2007-01-01
95,Overture to death,Ngaio Marsh,2007-01-01
94,Small bachelor,P.G. Wodehouse,2007-01-01
93,Lord Peter,Dorothy L Sayers,2007-01-01
92,Locked rooms,Laurie R. King,2007-01-01
91,Justice Hall,Laurie R. King,2007-01-01
90,Sea lady,Margaret Drabble,2007-01-01
89,Tristan betrayal,Robert Ludlum,2007-01-01
88,Ruled Britannia,Harry Turtledove,2007-01-01
87,Weapons of choice: World War 2.1,John Birmingham,2007-01-01
86,Quite honestly,John Mortimer,2007-01-01
85,Game,Laurie R. King,2007-01-01
84,O Jerusalem,Laurie R. King,2007-01-01
83,Trading in danger,Elizabeth Moon,2007-01-01
82,Hound of the Baskervilles,Sir Arthur Conan Doyle,2007-01-01
81,Monstrous regiment of women,Laurie R. King,2007-01-01
80,Willie Winkie,Rudyard Kipling,2007-01-01
79,Midwife's tale,Gretchen Moran Laskas,2007-01-01
78,Mary Reilly,Valerie Martin,2007-01-01
77,Rumpole and the reign of terror,John Mortimer,2007-01-01
76,Rumpole and the primrose path,John Mortimer,2007-01-01
75,Rumpole rests his case,John Mortimer,2007-01-01
74,Letter of Mary,Laurie R. King,2007-01-01
73,Moor,Laurie R. King,2007-01-01
72,Lord of the flies,William Golding,2007-01-01
71,Rumpole and the Penge bungalow murders,John Mortimer,2007-01-01
70,Memory,Lois McMaster Bujold,2007-01-01
69,Miles errant,Lois McMaster Bujold,2007-01-01
68,"Miles, mystery and mayhem",Lois McMaster Bujold,2007-01-01
67,Young Miles,Lois McMaster Bujold,2007-01-01
66,Cordelia's honor,Lois McMaster Bujold,2007-01-01
65,Kidnapped,Robert Louis Stevenson,2007-01-01
64,Children of men,P.D. James,2007-01-01
63,Have his carcase,Dorothy L Sayers,2007-01-01
62,Debits and credits,Rudyard Kipling,2007-01-01
61,Of mice and men,John Steinbeck,2007-01-01
60,Light that failed,Rudyard Kipling,2007-01-01
59,Pale companion,Philip Gooden,2007-01-01
58,Lady Chatterley's lover,D.H. Lawrence,2007-01-01
57,Harry Potter and the deathly hallows,J.K. Rowling,2007-01-01
56,Civil campaign,Lois McMaster Bujold,2007-01-01
55,Fall of Atlantis,Marion Zimmer Bradley,2007-01-01
54,Every living thing,James Herriot,2007-01-01
53,"Carry on, Jeeves",P.G. Wodehouse,2007-01-01
52,Komarr,Lois McMaster Bujold,2007-01-01
51,Rumpole à la carte,John Mortimer,2007-01-01
50,Chocolat,Joanne Harris,2007-01-01
49,Wide sargasso sea,Jean Rhys,2007-01-01
48,Raven in the foregate,Ellis Peters,2007-01-01
47,Hermit of Eyton Forest,Ellis Peters,2007-01-01
46,Rose rent,Ellis Peters,2007-01-01
45,What do YOU care what other people think?,Richard Feynman,2007-01-01
44,Kim,Rudyard Kipling,2007-01-01
43,Podkayne of Mars,Robert A. Heinlein,2007-01-01
42,Demolished man,Alfred Bester,2007-01-01
41,Stars my destination,Alfred Bester,2007-01-01
40,Joy in the morning,P.G. Wodehouse,2007-01-01
39,Under the deodars,Rudyard Kipling,2007-01-01
38,Rumpole on trial,John Mortimer,2007-01-01
37,Book of flying,Keith Miller,2007-01-01
36,Jane Eyre,Charlotte Brontë,2007-01-01
35,Final cut,Michael Dobbs,2007-01-01
34,To play the king,Michael Dobbs,2007-01-01
33,House of cards,Michael Dobbs,2007-01-01
32,Scarlet pimpernel,Baroness Orczy,2007-01-01
31,Sharing knife: beguilement,Lois McMaster Bujold,2007-01-01
30,Serpent bride,Sara Douglass,2007-01-01
29,Druid's sword,Sara Douglass,2007-01-01
28,Second jungle book,Rudyard Kipling,2007-01-01
27,White as snow,Tanith Lee,2007-01-01
26,Rumpole for the defence,John Mortimer,2007-01-01
25,Burning water,Mercedes Lackey,2007-01-01
24,Captains courageous,Rudyard Kipling,2007-01-01
23,Moon is a harsh mistress,Robert A. Heinlein,2007-01-01
22,Jungle book,Rudyard Kipling,2007-01-01
21,Wuthering Heights,Emily Brontë,2007-01-01
20,"Stiff upper lip, Jeeves",P.G. Wodehouse,2007-01-01
19,Beau Geste,P.C. Wren,2007-01-01
18,Lost world,Sir Arthur Conan Doyle,2007-01-01
17,Prisoner of Zenda,Anthony Hope,2007-01-01
16,Under the red robe,Stanley Weyman,2007-01-01
15,King Solomon's mines,Henry Rider Haggard,2007-01-01
14,Murder room,P.D. James,2007-01-01
13,Red wyvern,Katharine Kerr,2007-01-01
12,Death of an outsider,M.C. Beaton,2007-01-01
11,Death of a gossip,M.C. Beaton,2007-01-01
10,Death of a cad,M.C. Beaton,2007-01-01
9,Act of Roger Murgatroyd,Gilbert Adair,2007-01-01
8,Martian chronicles,Ray Bradbury,2007-01-01
7,2001: a space odyssey,Arthur C. Clarke,2007-01-01
6,I never promised you a rose garden,Joanne Greenberg,2007-01-01
5,Name of the rose,Umberto Eco,2007-01-01
4,Double star,Robert A. Heinlein,2007-01-01
3,Left behind: the mark,"Tim LaHaye,Jerry B. Jenkins",2007-01-01
2,Have you felt like giving up lately?,David Wilkerson,2007-01-01
1,Tough guide to fantasyland,Diana Wynne Jones,2007-01-01
